[
  {
    "Id": "1467112",
    "ThreadId": "652619",
    "Html": "Hello,\r<br />\ncould someone please advise me what do I need to do to conform to the license. Part 3.C says I should retain any copyright, attribution notices, etc. But the WPF Folder Browser library is downloaded as just the DLL file. So do I just mention somewhere in my software that it uses the library? I will distribute my software in compiled form.\r<br />\nThank you\r<br />\nJiri Skala<br />\n",
    "PostedDate": "2016-03-17T05:20:37.353-07:00",
    "UserRole": null,
    "MarkedAsAnswerDate": null
  }
]