{
  "WorkItem": {
    "AffectedComponent": {
      "Name": "",
      "DisplayName": ""
    },
    "ClosedComment": "",
    "ClosedDate": null,
    "CommentCount": 0,
    "Custom": null,
    "Description": "Hi, \r\nI have 2 computers with windows 8.1 on it, on the first one, which i used to develop my application, I get the vista style folder browser, but on the other one, it only shows the annoying winforms treeview version.\r\n\r\nHave you any idea where the availability of the vista style browser depends on?",
    "LastUpdatedDate": "2013-12-24T13:42:44.467-08:00",
    "PlannedForRelease": "",
    "ReleaseVisibleToPublic": false,
    "Priority": {
      "Name": "Unassigned",
      "Severity": 0,
      "Id": 0
    },
    "ProjectName": "WPFFolderBrowser",
    "ReportedDate": "2013-12-24T13:42:44.467-08:00",
    "Status": {
      "Name": "Proposed",
      "Id": 1
    },
    "ReasonClosed": {
      "Name": "Unassigned"
    },
    "Summary": "Windows 8.1 oddity",
    "Type": {
      "Name": "Unassigned",
      "Id": 5
    },
    "VoteCount": 1,
    "Id": 3
  },
  "FileAttachments": [],
  "Comments": []
}