{
  "WorkItem": {
    "AffectedComponent": {
      "Name": "",
      "DisplayName": ""
    },
    "ClosedComment": "",
    "ClosedDate": null,
    "CommentCount": 0,
    "Custom": null,
    "Description": "The WPFFolderBrowserDialog.Dispose method throws the following exception:\r\n\r\nException(\"The method or operation is not implemented.\");\r\n\r\nA \"Dispose\" method should never throw an exception (Hello WCF :-) )",
    "LastUpdatedDate": "2017-08-23T07:08:45.72-07:00",
    "PlannedForRelease": "",
    "ReleaseVisibleToPublic": false,
    "Priority": {
      "Name": "Unassigned",
      "Severity": 0,
      "Id": 0
    },
    "ProjectName": "WPFFolderBrowser",
    "ReportedDate": "2017-08-23T07:08:45.72-07:00",
    "Status": {
      "Name": "Proposed",
      "Id": 1
    },
    "ReasonClosed": {
      "Name": "Unassigned"
    },
    "Summary": "WPFFolderBrowserDialog.Dispose throws an Exception",
    "Type": {
      "Name": "Unassigned",
      "Id": 5
    },
    "VoteCount": 1,
    "Id": 4
  },
  "FileAttachments": [],
  "Comments": []
}