{
  "WorkItem": {
    "AffectedComponent": {
      "Name": "",
      "DisplayName": ""
    },
    "ClosedComment": "",
    "ClosedDate": null,
    "CommentCount": 0,
    "Custom": null,
    "Description": "When running on win2k8 or vista the OpenFileDialog style folder browser is displayed but the path that is returned is the \"mangled\" short DOS path.\r\n\r\ne.g.\r\nc:\\temp\\longfoldername\\longsubfolder1\\longsubfolder2\r\nis returned as\r\nc:\\temp\\longfo~1\\longsu~1\\longsu~2\r\n\r\nI'm letting the user select a folder and I'm creating a sub-folder in my app, so I want to check that the selected folder path is < 230 characters long, when I test a long path the length is being returned as 60 characters because it's using the mangled DOS folder names; when I then pass it to Directory.Exists or others, they throw an PathTooLongException.",
    "LastUpdatedDate": "2012-10-10T08:16:45.403-07:00",
    "PlannedForRelease": "",
    "ReleaseVisibleToPublic": false,
    "Priority": {
      "Name": "Low",
      "Severity": 50,
      "Id": 1
    },
    "ProjectName": "WPFFolderBrowser",
    "ReportedDate": "2012-10-10T08:16:45.403-07:00",
    "Status": {
      "Name": "Proposed",
      "Id": 1
    },
    "ReasonClosed": {
      "Name": "Unassigned"
    },
    "Summary": "win2k8/vista \"short\" path returned",
    "Type": {
      "Name": "Issue",
      "Id": 3
    },
    "VoteCount": 1,
    "Id": 2
  },
  "FileAttachments": [],
  "Comments": []
}