[
  {
    "Id": "0",
    "Name": "WPFFolderBrowser 1.0.1",
    "DevelopmentStatus": "Alpha",
    "Description": "This release contains the following changes:\n\n* Fixed bug when opening the same WPFFolderBrowserDialog twice.\n* Renamed InitialFolder to InitialDirectory in order to match Microsoft.Win32.FileDialog\n* Changed native behaviour of opening the selected folder to opening the selected folder's parent. This will become noticable if FileName is set before showing the dialog, or if the same dialog instance is shown several times.",
    "ReleasedDatge": "0001-01-01T00:00:00",
    "ModifiedDate": "2011-08-24T10:58:33.06-07:00",
    "Files": [
      {
        "Id": "aef2f30a-c374-41a4-9b4d-28361730a1f5",
        "FileName": "WPFFolderBrowser.dll",
        "Url": "./0/aef2f30a-c374-41a4-9b4d-28361730a1f5",
        "Type": "Application",
        "UploadDate": "2011-08-24T10:58:32.763-07:00"
      }
    ]
  },
  {
    "Id": "1",
    "Name": "WPFFolderBrowser 1.0.0",
    "DevelopmentStatus": "Alpha",
    "Description": "This is the first and hopefully only release of the WPFFolderBrowser.",
    "ReleasedDatge": "0001-01-01T00:00:00",
    "ModifiedDate": "2011-07-31T08:10:07.493-07:00",
    "Files": [
      {
        "Id": "673ca883-705e-4713-aa4d-6efcd23a6a69",
        "FileName": "WPFFolderBrowser.dll",
        "Url": "./1/673ca883-705e-4713-aa4d-6efcd23a6a69",
        "Type": "Application",
        "UploadDate": "2011-07-31T07:53:19.567-07:00"
      }
    ]
  },
  {
    "Id": "2",
    "Name": "WPFFolderBrowser 1.0.2",
    "DevelopmentStatus": "Stable",
    "Description": "In this release, I added a fallback to the Windows Forms FolderBrowserDialog in case the Vista style dialog is unavailable. This fallback allows the component to be used on Windows XP as well. It has been tested on Windows 7 and Windows XP.\n\nThis release adds a dependency to System.Windows.Forms to the dll, though not to your projects. If you want to avoid this, you might want to stay with the previous release...",
    "ReleasedDatge": "0001-01-01T00:00:00",
    "ModifiedDate": "2012-02-17T13:07:55.697-08:00",
    "Files": [
      {
        "Id": "7d422a59-470e-4f9d-b848-a80cd0abf9d9",
        "FileName": "WPFFolderBrowser.dll",
        "Url": "./2/7d422a59-470e-4f9d-b848-a80cd0abf9d9",
        "Type": "Application",
        "UploadDate": "2012-02-17T13:05:51.247-08:00"
      }
    ]
  }
]